committee_member,item_identifier
"Achinstein, Sharon",thesis_036
"Allan, Bentley B.",thesis_019
"Angelini, Alessandro",thesis_049
"Arora, Raman",thesis_087|thesis_087
"Athreya, Avanti",thesis_072
"Bah, Ibrahima",thesis_038
"Basu, Amitabh",thesis_038|thesis_050|thesis_083|thesis_086
"Battle, Alexis",thesis_002
"Bedran, Marina",thesis_049
"Bennett, Jane",thesis_033
"Bennett, Pamela R.",thesis_012
"Berg, Celeste",thesis_046
"Berger, James M.",thesis_017
"Bergles, Dwight E.",thesis_052
"Bernstein, Jacob",thesis_035|thesis_050
"Bevan, Michael A.",thesis_015
"Bjornsson, Hans T.",thesis_060
"Blackshaw, Seth",thesis_057
"Blankson, Joel N.",thesis_053
"Blumenfeld, Barry J.",thesis_032
"Boctor, Emad M.",thesis_076|thesis_079
"Bodurtha, Joann N.",thesis_004
"Bok, Hilary",thesis_040
"Boland, John J.",thesis_078
"Bottomley, Paul A.",thesis_073
"Bragg, Art",thesis_048
"Brown, Solange P",thesis_067
"Budhathoki, Chakra",thesis_070|thesis_071
"Castro-Klarén, Sara",thesis_024
"Caton, Steven",thesis_028
"Celenza, Christopher S.",thesis_007
"Chambers, Samuel",thesis_041
"Chen, Xin",thesis_021
"Chenoweth, Josh",thesis_058
"Chitnis, Ajay",thesis_027
"Christensen, Henrik",thesis_075
"Chung, Erin",thesis_009|thesis_029
"Cohen, Jeremiah Y",thesis_066
"Colantuoni, Carlo",thesis_058
"Connolly, William E.",thesis_008|thesis_033
"Cox, Andrea",thesis_051
"Cui, Honggang",thesis_077
"Culbert, Jennifer",thesis_033
"Culotta, Valeria C",thesis_006
"Curtis, Frank E",thesis_086
"Dagdigian, Paul J.",thesis_018
"Das, Veena",thesis_028
"David, Steven R.",thesis_019
"DeLeon, Valerie B.",thesis_056
"DeSilva, Jeremy",thesis_056
"Deudney, Daniel H.",thesis_019
"Dinglasan, Rhoel R.",thesis_001
"Dodson, Benjamin",thesis_016
"Dowdy, David W",thesis_005
"Drichko, Natalia",thesis_043
"Drummond-Barbosa, Daniela",thesis_021
"Eakin Moss, Anne",thesis_030
"Egginton, William",thesis_010|thesis_025|thesis_040
"Espenshade, Peter",thesis_065
"Etienne-Cummings, Ralph",thesis_088
"Faleschini Lerner , Giovanna",thesis_049
"Falk, Michael L.",thesis_012
"Falzone, Christopher",thesis_026
"Fanzo, Jessica C.",thesis_003
"Farley, Jason E",thesis_070
"Favret, Mary",thesis_036
"Ferry, John M.",thesis_011|thesis_013
"Fertig, Elana",thesis_058
"Foster, Mark A",thesis_043
"Gabrilovich, Dmitry",thesis_054
"Gall, Joseph G.",thesis_020
"Gallo, Joseph",thesis_071
"Ghiaur, Gabriel",thesis_063
"Glowatzki, Elisabeth B",thesis_066
"Goff, Loyal A",thesis_068
"Gonzalez, Eduardo",thesis_010
"Goodlett, David",thesis_001
"Gosetti-Ferencei, Jennifer",thesis_042
"Green, Rachel",thesis_031
"Gritsan, Andrei",thesis_032|thesis_034|thesis_050
"Guyer, Jane I.",thesis_008
"Hager, Gregory D.",thesis_076
"Han, Hae-Ra",thesis_070|thesis_071
"Hanchard, Michael",thesis_009
"Hansen, Kasper D.",thesis_002
"Hao, Lingxin",thesis_012
"Hazen, Robert M.",thesis_013
"Hendrix, Craig W.",thesis_053
"Herzka, Daniel A",thesis_055
"Hickman, Jared",thesis_041
"Hilser, Vincent J",thesis_031
"Hindmarch-Watson, Katie",thesis_029
"Hinnov, Linda",thesis_022
"Hoeppner, Daniel",thesis_058
"Hoffman, Matthew",thesis_027
"Holland, Andrew",thesis_068
"Honey, Christopher J",thesis_044
"Housseau, Franck",thesis_054
"Hovy, Dirk",thesis_087|thesis_087
"Huganir, Richard L.",thesis_052
"Hussain Shuler, Marshall G",thesis_044
"Isaacs, John",thesis_063
"Jabko, Nicolas",thesis_029
"Jaffe, Andrew",thesis_002
"Jaffee, Elizabeth",thesis_051
"Johnston, Robert",thesis_046
"Kamionkowski, Marc",thesis_039|thesis_045
"Kargon, Robert H.",thesis_012
"Karlin, Kenneth D.",thesis_014
"Kass, Nancy E.",thesis_004
"Kazanzides, Peter",thesis_076|thesis_080|thesis_081
"Kazhdan, Misha",thesis_035
"Keck, Margaret E.",thesis_029
"Kelley, Matthew",thesis_027
"Kelly, John D.",thesis_008
"Khan, Naveeda",thesis_008
"Khudanpur, Sanjeev P.",thesis_082
"Kitchloo, Nitu",thesis_032|thesis_038
"Kitchloo, Nitya",thesis_045
"Knierim, James J",thesis_069
"Knight, Franklin",thesis_024
"Kobilarov, Marin",thesis_074
"Konstantopoulos, Konstantinos",thesis_077
"Kosek, Margaret  N",thesis_005
"Kralli, Anastasia",thesis_064
"Kramnick, Jonathan",thesis_036
"Krauss, Andrea B.",thesis_025
"Kuchibhotla, Kishore",thesis_047
"Kuchibhotla, Kishore V",thesis_044
"Kuruvilla, Rejji",thesis_027
"Labrique, Alain  B.",thesis_071
"Lance, Mark",thesis_040
"Lauer, Amanda M",thesis_066
"Leek, Jeffrey T.",thesis_002
"Leheny, Robert",thesis_050
"Leonard, Simon",thesis_081
"Leung, Anthony K. L.",thesis_001
"Levin, Naomi",thesis_022
"Levis, Mark",thesis_063
"Li, Rong",thesis_077
"Li, Xin",thesis_083
"Li, Yi",thesis_038|thesis_043
"Lindblad, Hans",thesis_016
"Lisi, Leonardo",thesis_025
"Lloyd, Thomas (Tom)",thesis_059
"Lu, Fei",thesis_034
"Luznik, Leo",thesis_051
"Margolis, Seth",thesis_057
"Marshall, John W.",thesis_024
"Matunis, Michael J.",thesis_001
"McGarry, Jean",thesis_007
"McKay, Ronald",thesis_058
"McLucas, John",thesis_007
"McMacken, Roger",thesis_017
"Meffert, Mollie",thesis_057
"Meffert, Mollie K.",thesis_052
"Meneveau, Charles V.",thesis_085
"Michaelis, Susan",thesis_065
"Miller, Andrew H.",thesis_030
"Ming, Guo-Li",thesis_060
"Moss, Cynthia",thesis_047
"Moss, Kenneth B.",thesis_019
"Moulton, Lawrence H",thesis_005
"Moyar, Dean",thesis_040
"Mysore, Shreesh",thesis_069
"Mysore, Shreesh P",thesis_047|thesis_067
"Naiman, Daniel Q.",thesis_072
"Nielsen, Kristina",thesis_047
"Nielsen, Kristina J",thesis_067
"O'Connor, Daniel H",thesis_067
"Obarrio, Juan M.",thesis_010
"Ogburn, Elizabeth",thesis_089
"Ostrand-Rosenberg, Suzanne",thesis_054
"Pahl, Katrin",thesis_042
"Pandian, Anand",thesis_028|thesis_078
"Paquette, Gabriel",thesis_010|thesis_024
"Passey, Benjamin H.",thesis_013
"Pederson, Mark R.",thesis_023
"Pluznick, Jennifer L",thesis_064
"Pouliquen, Philippe",thesis_088
"Priebe, Carey E.",thesis_072|thesis_083
"Prince, Jerry L.",thesis_073
"Ray, Stuart C.",thesis_053
"Reddy, Karen L",thesis_068
"Reich, Daniel H.",thesis_015
"Robberto, Massimo",thesis_039
"Robbins, Mark O.",thesis_015
"Roberts, Elijah",thesis_031
"Robinson, Daniel P",thesis_086
Ryan Calder,thesis_028
"Rynasiewicz, Robert",thesis_045
"Sabbi, Elena",thesis_039
"Sack, David A",thesis_005
"Saloner, Brendan",thesis_004
"Salter, Mary Jo",thesis_030
"Sarma, Sridevi",thesis_088
"Scharfstein, Daniel",thesis_089
"Schilling, Derek",thesis_041
"Schlaufman, Kevin",thesis_039
"Schlaufman, Kevin C.",thesis_032|thesis_034
"Schoenbaum, Geoffrey",thesis_044
"Schoenberger, Erica",thesis_078
"Sears, Cynthia L.",thesis_054
"Seydoux, Geraldine",thesis_052
"Shepard, Todd",thesis_029
"Shiffman, Bernard",thesis_079
"Shpitser, Ilya",thesis_034
"Siewerdsen, Jeffrey H.",thesis_080
"Silverstone, Harris J",thesis_048
"Smith, Kirby D.",thesis_058
"Smith, Scott F.",thesis_075
"Sogge, Christopher",thesis_035
"Sogge, Christopher D.",thesis_016|thesis_018
"Song, Hongjun",thesis_060
"Spruck, Joel",thesis_018|thesis_035
"Stebe, Kathleen J.",thesis_015
"Strowick, Elisabeth",thesis_025
"Sulkowski, Mark S",thesis_070
"Sullivan, David  J",thesis_006
"Sun, Sean X.",thesis_077
"Sylvester, Adam",thesis_056
"Szalay, Alexander S.",thesis_083
"Talegawkar, Sameera",thesis_003
"Taylor, Holly A.",thesis_004
"Taylor, James",thesis_068
"Taylor, Russell H.",thesis_080|thesis_084
"Tchernyshyov, Oleg V.",thesis_016
"Tchetgen Tchetgen, Eric",thesis_089
"Thon, Susanna  M",thesis_043
"Tobias, Rochelle",thesis_030|thesis_042
"Toscano, John",thesis_037
"Toscano, John P.",thesis_014|thesis_023|thesis_026
"Townsend, Craig",thesis_037
"Tran, Trac Duy",thesis_073|thesis_082
"Trayanova, Natalia A",thesis_055
"Tsai, Kellee S.",thesis_009
"Turner, Ari",thesis_018
"Urban, Sinisa",thesis_065
"Valle, David",thesis_068
"Valle, David Lee",thesis_060
"Van Doren, Mark",thesis_021|thesis_046
"Vidal, Rene",thesis_061|thesis_074|thesis_082
"Vitalis, Robert",thesis_009
"Walters, Ronald G",thesis_041
"Wan, Fengyi",thesis_006
"Ward, Carol",thesis_056
"Wegenstein, Bernadette",thesis_033|thesis_042
"West, Keith P., Jr.",thesis_003
"Whitcomb, Louis L.",thesis_079|thesis_084
"Wilson, W. Stephen",thesis_045
"Wolfgang, Michael J",thesis_064
"Wolinsky, Jean-Paul",thesis_080
"Wong, Guang W",thesis_064
"Worley, Paul",thesis_057
"Worley, Paul F.",thesis_059
"Yarowsky, David",thesis_087|thesis_087
"Younes, Laurent",thesis_061
"Yuille, Alan L.",thesis_082
"Zaki, Tamer A.",thesis_085
"Zappulla, David C.",thesis_020
"Zavala, Fidel",thesis_051
"Zhang, Kechen",thesis_069
"Zhou, Jinyuan",thesis_073
"du Lac, Sascha",thesis_066
